,item0,item1,item2,item3,item4,item5,item6,item7,item8,item9,item10,item11,item12,item13,item14,item15,item16,item17,item18,item19,item20,item21,item22,item23,item24,item25,item26,item27,item28,item29,item30,item31,item32,item33,item34,item35,item36,item37,item38,item39,item40,item41,item42,item43,item44,item45,item46,item47,item48,item49,item50,item51,item52,item53,item54,item55,item56,item57,item58,item59,item60,item61,item62,item63,item64,item65,item66,item67,item68,item69,item70,item71,item72,item73,item74,item75,item76,item77,item78,item79,item80,item81,item82,item83,item84,item85,item86,item87,item88,item89,item90,item91,item92,item93,item94,item95,item96,item97,item98,item99
supplier0,21.21697794737863,3.6296012836687797,24.377483228877157,4.676143639282176,24.663617428529246,-1.0,24.860035839647836,15.213245905212473,11.64346994557725,3.202848170761919,29.016371912328996,3.4641037404212685,17.067720964131865,-1.0,9.961921371285735,5.272477567768639,29.45225748580219,20.435749943712064,18.66790845550544,22.067849380095144,23.180872417630685,14.498856850468062,4.787287951372944,2.4745153246634057,27.719919806696534,17.982067062388705,-1.0,4.466750539304693,18.761648487181347,4.540426931217081,8.996118193968366,9.868677063714792,-1.0,24.113788118282233,8.602374611768711,1.3052634990125431,16.033287002772685,16.108835978946992,1.053611709907803,5.808974182016431,-1.0,7.787662978920499,1.2795820646885943,8.645317864131224,3.9782306772887828,7.978932803853279,-1.0,16.928480914639646,4.584772876581781,22.3155387928166,27.368993588456096,16.08992105069249,18.231037432453263,18.641400479216532,18.95714533761417,-1.0,22.345229078911796,-1.0,-1.0,31.18076369666826,21.415715610187995,13.474105776774323,11.94214689344083,6.858643457390149,1.3253891621426115,5.843647385634331,-1.0,10.864875909262757,-1.0,4.894597731115979,-1.0,26.411602958475676,9.455753568344148,-1.0,29.568876886817403,21.131036140192272,-1.0,-1.0,1.1124531824528543,19.61707085893955,13.533578139361005,12.252275710971823,-1.0,-1.0,-1.0,22.139157275189415,8.237166209723632,27.96980738652954,14.61943491382065,13.552964919366874,10.291581643673142,18.277701419263078,-1.0,24.968102701005225,2.360819153974139,24.5951137390952,3.4185796010582505,9.896025972784075,-1.0,2.2547722780813286
supplier1,26.096882875275714,3.3184926022114554,18.676297635026852,4.834656982986657,-1.0,22.383720766884608,21.161848689948158,-1.0,12.807816940134975,2.795212949028584,23.118735344782454,-1.0,20.651942366599556,0.6088528446607828,8.57188583110633,4.40099367226969,23.42266146508678,-1.0,17.285100421764295,-1.0,24.819924002715684,17.48391561379972,3.6094631379399176,2.642686269058006,23.69223915102268,-1.0,-1.0,-1.0,-1.0,-1.0,9.274348653575634,-1.0,16.00580410267764,24.303660465670283,11.411313260509514,-1.0,17.133610620610025,-1.0,1.0648203451195883,5.762502388560299,-1.0,-1.0,1.2055566559876012,11.464443254608796,4.3841725831345775,7.837712754227559,8.85047652265566,15.881358383837195,4.150009931388681,-1.0,26.033920730482627,14.59001315613641,18.231037432453263,24.58206656599982,17.772323754013282,8.60461304075955,25.821153602298075,8.208311426124625,13.022489757785072,25.90401907107825,19.870251597081648,12.396177314632377,12.415103206052349,7.036022167495067,1.2860211672274844,5.242898588980334,10.560232577358052,11.161190706788103,-1.0,6.193164476105934,0.06884153955336064,19.483969395596812,10.819564179163013,-1.0,22.237750385953586,26.296400530017053,6.417438348286914,-1.0,1.0780474139233844,18.59534841836978,18.48133788923492,12.877391818674466,-1.0,27.552139509638945,13.527375999728784,23.84216937328091,-1.0,-1.0,15.43162574236624,18.799273920412112,-1.0,18.089271507724284,10.536799883991895,26.381391533137595,2.64822322489273,28.043026880089855,4.083303412375132,10.178769572006479,2.029393009683669,1.9401528904420737
supplier2,26.52122243422329,3.1110868145732398,24.57407583556165,4.2798602800209755,-1.0,-1.0,18.901845431798353,20.65798654497273,14.489651487829468,3.4940161862857297,-1.0,2.709823087265024,18.09178422197978,0.5180589994043503,7.027401897573658,-1.0,26.205551936186197,-1.0,20.05071648924658,21.16712083396881,27.16142626712282,12.793108985707114,-1.0,2.8829304753360065,-1.0,17.835871395214813,5.8305486539502285,4.706040746767443,-1.0,-1.0,9.552579113182903,-1.0,15.048191891406331,-1.0,8.602374611768711,-1.0,17.60517788539746,14.09523148157862,1.0424030746960182,-1.0,0.24009043674389055,7.3059518668223244,1.258431947916882,-1.0,-1.0,6.496122282783202,9.918637482286517,-1.0,-1.0,23.7754338540289,20.693629298588757,16.08992105069249,-1.0,24.17236545656649,-1.0,8.741194200136686,29.545358448783375,11.059619605725812,15.707539192379933,27.822835298565522,28.25991338251612,12.261436256864634,15.134602003568578,5.557866249954086,1.3910024870011566,5.898260912602876,-1.0,12.24767829771438,9.64470298475844,5.74366060284018,0.08796418942929415,23.16427472587621,-1.0,1.0457241750958333,29.813247770179533,28.644293434482858,6.6741358822183905,27.558968572406066,1.1812647195117936,22.682238180648856,16.15298035988249,12.002229267890765,-1.0,28.45548834602055,14.703669564922592,24.03139293973552,7.004834257087814,29.135216027634936,14.781873079529769,16.75904264222785,-1.0,20.72729026926741,9.282418945421433,-1.0,2.525050051641905,27.35344425189092,3.1020444528121156,10.932752503266215,2.319306296781336,2.2547722780813286
supplier3,19.943959270535913,-1.0,-1.0,-1.0,25.886606722505903,23.190341335060623,25.681855206247764,-1.0,14.877767152682042,3.086380964552395,21.23149164316756,-1.0,19.115847479827693,0.5127181849775013,-1.0,4.662438840919375,25.50982931841135,28.12662357844241,-1.0,-1.0,25.990675134919254,15.351730782848536,3.7234461844011784,3.051101419730607,-1.0,16.520110390649783,5.1766553469651555,4.62627734427986,19.556633592570385,4.303535091327495,9.92355305932593,6.993550675073475,12.996165724396375,24.303660465670283,9.392388606727062,1.3922810656133793,14.932963384935341,-1.0,-1.0,4.461292171788619,-1.0,10.27650372476107,1.1738314808300327,-1.0,4.424766773719157,-1.0,-1.0,17.80108302364169,-1.0,24.818216040609116,25.811408587487048,-1.0,15.488314986862951,-1.0,15.698885982711733,7.375382606365329,31.283320710476517,-1.0,-1.0,29.022095440745073,22.519618476692532,14.821516354451756,13.006298596816746,-1.0,1.5091064717465377,6.171328547445602,8.631842280623104,-1.0,12.004577119326996,5.593825978418264,0.08184494146899543,-1.0,-1.0,1.4249428319987179,22.726492152677842,28.87908272492944,8.085972318841511,26.8812890173469,1.3647621516689654,20.434448811395363,-1.0,-1.0,-1.0,26.42295346416194,-1.0,17.408568113824156,-1.0,30.300624668740333,19.655018050803317,14.427349752874413,-1.0,18.65456124234067,-1.0,27.323584087892506,-1.0,-1.0,2.943776878689049,-1.0,2.3579614017276915,-1.0
supplier4,25.24820375738057,4.009845227672176,-1.0,-1.0,22.421470389572043,-1.0,24.65458099799785,20.017428822647993,16.688973588660726,2.9407969567904892,26.421411822608523,2.9612499716504392,-1.0,-1.0,9.4213519945493,4.531716256594533,22.49503130805364,22.193663917364713,-1.0,-1.0,29.502928531529964,15.067439472055046,4.939265346654625,-1.0,-1.0,-1.0,-1.0,-1.0,18.602651466103538,4.698354824476806,12.056653249648326,7.382081268133112,12.996165724396375,20.696085865297352,8.602374611768711,1.3487722823129613,18.705501503234796,-1.0,1.3450362254142167,5.158369073630591,0.21171611240143073,7.867948164270195,1.3747575901612996,9.115172095877485,-1.0,7.0610024812860885,-1.0,-1.0,-1.0,21.689869480868474,22.918750728544538,17.589828945248566,17.101681131327844,22.9432621282665,15.846988680661845,6.829057968856786,22.593509402010817,8.64032781697329,17.452821324866594,26.863427184821887,26.272888222807953,13.204623661238836,-1.0,7.0951484041967054,1.6140877915202099,6.499009709256873,10.927545014831376,11.655048702663683,12.107180342569107,5.14432210515251,0.08337475345907011,19.91694649327674,9.91035710528377,1.1951133429666667,29.568876886817403,28.644293434482858,7.444228484012819,27.107182202366623,1.3532935621591422,20.434448811395363,16.298502705467016,13.752554369458169,25.47183140870266,23.261232536826324,16.174036521414852,19.868474477734093,8.042587480360082,-1.0,-1.0,-1.0,12.274363428234023,-1.0,7.777161819136876,-1.0,1.9707707720131944,21.147200598100547,3.0703909379875025,9.613282373561674,2.396616506674047,2.0799837293928536
supplier5,26.945561993170863,3.975277596399139,21.821779341978747,-1.0,-1.0,-1.0,25.270945522947798,19.376871100323253,16.688973588660726,3.290198575419062,-1.0,3.2406131765231216,18.09178422197978,0.49135492727010543,7.336298684280192,5.141754983443796,21.103586072503933,-1.0,15.556590379587865,27.922584929916304,-1.0,14.356711195071316,3.7234461844011784,2.282319959641005,26.535307849145404,13.450001379998056,-1.0,5.184621161692946,19.715630613648194,4.421981011272289,-1.0,-1.0,14.911390146939,-1.0,10.884637263870614,1.4357898489137975,-1.0,-1.0,1.019985804272448,4.926010106349934,-1.0,-1.0,-1.0,11.746355793656553,3.694071343196727,-1.0,-1.0,-1.0,4.03143821906329,22.3155387928166,27.368993588456096,13.771881577287639,20.651086649150603,18.846251033933196,14.365961701160735,-1.0,30.538479741179454,8.121908147954892,15.841791664109676,26.143871099514158,20.091032170382555,15.225739527754984,15.252841081721458,6.149128616970478,1.4828611418031195,5.843647385634331,9.090982827464758,8.988215524935553,11.28635455663222,4.594928482272144,0.07190116353351,20.999389237476564,10.54680205699924,1.0687071239990384,31.279473070352296,-1.0,-1.0,25.977716277268012,1.2156704880412634,18.59534841836978,15.861935668713436,14.752740141782398,21.944962444420753,-1.0,15.14477965187027,17.21934454736955,7.264272562905881,22.37584590922363,15.43162574236624,18.507812309242933,8.875308940415369,24.119028676965712,8.613415778183851,22.37707317542921,2.627694362684259,-1.0,3.735114749304384,11.215496102488618,2.126030772049558,-1.0
supplier6,24.61169441895921,-1.0,21.035408915240776,4.953541990765017,21.402312644591497,20.972134772576567,19.5182099567483,16.494361349861947,12.549073163566591,2.9407969567904892,30.195899225838307,2.9053773306759028,18.603815850903736,0.6302161023681787,9.4213519945493,5.054606593893901,27.13318209321934,28.12662357844241,20.914971510334794,25.22039929153731,29.26877830508925,-1.0,3.419491393837817,2.4985397452912057,23.455316759512453,16.08152338912811,5.6125842182885375,-1.0,19.556633592570385,4.264053118012564,9.36709214011139,8.936203640371662,-1.0,-1.0,-1.0,-1.0,16.190476091035162,-1.0,1.356244860626002,5.018953693262197,-1.0,7.466522237521716,-1.0,-1.0,-1.0,6.496122282783202,7.7060183516226015,17.80108302364169,4.189533835497144,-1.0,28.704066446429565,14.862723682419333,18.231037432453263,18.641400479216532,14.069756305260514,7.033929707922489,27.807396187090237,-1.0,14.902024362001477,-1.0,-1.0,17.381596452038877,13.833972143886902,6.917769694091788,1.3910024870011566,-1.0,8.999154718096428,12.642764694414844,-1.0,6.243109350913239,0.09714306136974224,21.648854883996457,10.09219852005962,1.0916900729022434,24.925830102936988,21.365825430638854,7.444228484012819,22.589318501972187,-1.0,-1.0,-1.0,15.002786584863456,21.553088115056095,25.519604627780332,-1.0,24.40984007264474,7.3291321393603965,26.105153560760904,19.492579885094198,18.216350698073754,12.274363428234023,-1.0,7.860787215041572,23.554813868872852,-1.0,28.502748632222474,3.576847175181317,10.932752503266215,2.435271611620403,-1.0
supplier7,19.307449932114555,3.698736546214852,24.770668442246144,4.676143639282176,-1.0,23.190341335060623,-1.0,17.134919072186683,11.902213722145634,3.6396001940476355,-1.0,2.6260141258032195,19.286524689469005,0.5874895869533869,9.961921371285735,4.488142061819585,29.45225748580219,26.80818809820292,-1.0,-1.0,21.775971058986404,16.77318733681599,4.749293602552523,2.9550037372194065,26.535307849145404,16.812501724997567,5.2311464558805785,3.9482884231353976,-1.0,-1.0,-1.0,8.936203640371662,14.911390146939,17.658128307088564,-1.0,1.8708776819179787,18.39112332670984,15.98298569786147,1.1656980620256547,5.762502388560299,0.26628212075231494,8.831370388466546,1.2901571230744504,-1.0,4.993085441903268,8.261372903104723,-1.0,15.881358383837195,4.189533835497144,-1.0,25.36638430149589,17.317118418965645,-1.0,19.05110158864986,14.810269795011068,-1.0,29.793638771882392,8.208311426124625,15.97604413583942,-1.0,-1.0,12.665659430167862,-1.0,5.557866249954086,-1.0,-1.0,10.284748249253061,11.655048702663683,12.004577119326996,6.243109350913239,0.08337475345907011,-1.0,11.001405593938863,1.3789769341923075,23.70397568612635,28.87908272492944,7.893449168392904,-1.0,-1.0,22.682238180648856,18.48133788923492,13.502507926377112,19.78965363291514,-1.0,13.674412695378011,22.517604408098638,8.431744939087183,23.77433627855011,21.116961542185383,15.301734586381954,-1.0,-1.0,8.028038006850968,29.207969197402335,2.299232567348727,24.13539198696258,3.1020444528121156,11.215496102488618,2.3579614017276915,2.1149414391305483
supplier8,24.399524639485424,4.459224434221643,20.64222370187179,4.795028647060537,22.217638840575933,-1.0,19.312755115098316,16.65450078044313,14.230907711261084,3.319315376971443,24.534168120993627,3.4920400609085367,16.726366544849228,0.5447630715385952,8.57188583110633,4.139548503620005,25.27792177915306,26.588448851496338,18.66790845550544,28.598131339511053,23.4150226440714,14.21456553967457,4.217372719066641,2.9550037372194065,25.350695891594267,15.058153718910866,6.5389330698507235,4.985212655473987,17.648669339636694,3.9876793048080454,11.500192330433787,-1.0,14.77458840247167,24.113788118282233,11.323533927736364,1.4067839933801853,14.304207031885433,12.836728670723385,-1.0,5.158369073630591,0.2269945947396783,-1.0,1.332457356617875,9.585026327623748,4.627737726642053,8.04954282866614,8.545287677046845,16.230399227438014,-1.0,22.524095230132644,25.36638430149589,14.862723682419333,-1.0,23.352963237699825,14.069756305260514,-1.0,30.290199418080434,10.973216327556079,12.619732342595844,25.424315014206428,21.857276756789812,13.204623661238836,-1.0,-1.0,1.5878424615767919,5.40673916988597,-1.0,9.77838831833648,11.491561003116443,5.543881103610957,0.09102381340944352,-1.0,-1.0,1.1491474451602564,22.726492152677842,29.58345059626918,-1.0,24.622357167149687,1.3188877936296723,24.725683061788388,16.735069742220595,12.752368597133938,21.357150950373768,-1.0,13.674412695378011,21.760710142280193,-1.0,22.84200936566579,18.030636393712136,15.156003780797363,-1.0,17.90084159618549,-1.0,26.381391533137595,2.011828496430136,22.296504978432097,-1.0,11.780983300933423,1.7588072750591799,2.2372934232124813
supplier9,24.399524639485424,3.733304177487888,23.197927588770195,3.962833592612014,-1.0,21.173789914620574,20.134574481698245,-1.0,15.265882817534616,2.882563353685727,28.544560986925273,2.6539504462904877,17.579752593055822,0.5127181849775013,-1.0,3.9652517245202157,-1.0,23.731838644310784,19.705014480811293,24.995217155005726,26.927276040682106,-1.0,3.875423579682859,2.570613007174606,29.61529893877835,16.520110390649783,5.340128673711424,4.386987136817108,-1.0,3.9876793048080454,-1.0,8.547673047312026,17.784226780752935,21.455575254849546,10.357961267231712,-1.0,14.932963384935341,-1.0,1.0984462507549437,4.83306651943767,-1.0,9.875077798012592,1.3641825317754435,8.457376171432719,-1.0,-1.0,8.24009883143803,20.41888935064782,4.426677260147926,-1.0,21.806190013566646,13.090105261580328,15.64965160130944,26.630572113166473,15.10647519091129,-1.0,26.069433925397096,8.985940929652221,-1.0,27.3431312416937,-1.0,-1.0,12.17862504974659,5.912623670163922,-1.0,-1.0,9.733779593043074,12.445221496064612,9.43949653827422,5.643770853225568,0.09408343738959288,23.59725182355614,8.455625787076977,-1.0,24.681459219574858,26.76597911091021,6.224915197838306,-1.0,1.433573688727905,19.61707085893955,-1.0,14.752740141782398,18.8099678095035,26.197116255066536,16.026999825765625,18.165462379642598,7.977727903905564,25.172826647876587,16.893569233748305,-1.0,-1.0,-1.0,10.285923696277802,24.968102701005225,-1.0,24.824974615161512,3.925035838252065,-1.0,2.0100654572104912,1.9925894550486158
supplier10,26.733392213697076,-1.0,-1.0,3.606178569276933,26.294269820498123,21.173789914620574,24.44912615634787,-1.0,-1.0,2.7660961474762025,-1.0,-1.0,19.286524689469005,-1.0,-1.0,4.706013035694323,22.03121622953707,-1.0,-1.0,-1.0,-1.0,13.930274228881078,4.02740097496454,2.162197856502005,24.639928717063587,13.303805712824165,5.122164238049733,4.466750539304693,17.8076663607145,3.8297514115483207,10.2017835189332,8.159142454252388,-1.0,-1.0,-1.0,1.740351332016724,14.775774296672864,11.955776703124721,1.1993239676610101,5.623087008191905,0.2466383577459966,8.590514832417458,1.2267067727593135,8.645317864131224,3.8564481055350446,6.496122282783202,-1.0,-1.0,4.03143821906329,-1.0,28.926578589425144,16.498986840116874,-1.0,25.40146878486648,16.5875021704124,8.399741301693846,25.076312633001017,8.813134373312757,-1.0,27.3431312416937,22.96117962329435,-1.0,13.242776753122506,-1.0,1.640333121463628,6.99053145197378,10.37657635862139,10.27224631421206,9.849909431242663,5.893495227262098,0.07343097552358469,19.91694649327674,11.72877125304226,1.2525707152246794,21.99337950259146,29.11387201537602,6.289089581321175,21.008066206834133,-1.0,20.434448811395363,18.772382580403974,13.252461483296054,-1.0,28.907162764211353,-1.0,21.382263009370973,-1.0,-1.0,20.46720887934891,18.362081503658345,-1.0,-1.0,10.620425279896594,-1.0,2.627694362684259,29.192331260421405,3.197004997285956,9.142043041524335,2.319306296781336,2.272251132950176
supplier11,24.823864198432997,4.424656802948608,22.01837194866324,-1.0,-1.0,26.013513323676705,25.065490681297817,-1.0,-1.0,2.911680155238108,30.43180468854017,3.156804215061317,21.334651205164832,0.6141936590876318,7.2590744876035584,4.923884009569059,-1.0,28.56610207185557,19.705014480811293,25.67076356460047,25.522374682037828,17.057478647609482,-1.0,3.027076999102807,21.796860018940865,16.227719056302004,-1.0,3.9482884231353976,17.489672318558885,4.8168007444216,11.778422790041056,-1.0,14.500984913537009,17.848000654476614,-1.0,1.8853806096847847,-1.0,-1.0,1.1432807916020844,-1.0,-1.0,7.466522237521716,1.3218822982320189,-1.0,-1.0,8.402592952730444,7.2482350832093765,18.848205554444146,4.861440205341026,24.60965960329307,28.926578589425144,12.953749998438866,14.842968529076996,23.967514901849825,15.846988680661845,8.809484779825254,31.779881356674554,-1.0,14.499266946812247,-1.0,-1.0,12.935141545703349,11.705668737135072,-1.0,-1.0,-1.0,-1.0,11.655048702663683,10.978544886905887,4.644873357079451,0.0963781553747049,22.081831981676387,10.819564179163013,1.0572156495474359,28.10265158664464,21.600614721085435,8.21432108580725,-1.0,-1.0,22.682238180648856,18.48133788923492,11.877206046350235,20.573402291644456,23.03539532773092,16.174036521414852,17.787015246733375,7.393991715814913,-1.0,18.680389056548606,-1.0,8.686472579981,-1.0,-1.0,25.91029525576014,2.093943945264019,26.66386162369199,3.9566893530766785,9.896025972784075,1.8747725898982466,1.5730969381962758
supplier12,27.58207133159222,-1.0,23.39452019545469,4.596886967429936,-1.0,18.95558335213651,19.107300273448338,18.41603451683615,13.584048269840126,-1.0,26.89322274801224,2.570141484828683,19.627879108751642,0.6088528446607828,9.807472977932468,-1.0,22.95884638657021,22.633142410777875,20.742120506117153,25.445581428068888,21.07352037966426,17.910352579989958,3.419491393837817,2.258295539013205,-1.0,16.08152338912811,6.7568975055124145,3.5893531119412705,17.330675297481076,3.7507874649184583,10.85098792468349,8.469966928700098,17.784226780752935,-1.0,8.865712610088162,1.3052634990125431,18.39112332670984,12.459177827466815,-1.0,5.5766152147357735,-1.0,7.225666681472628,-1.0,9.115172095877485,3.897042296119624,6.849172406847505,7.4008295060137845,-1.0,4.110486027280217,18.77007935844387,26.033920730482627,14.862723682419333,14.520295300184017,26.016020449016477,18.809042639664057,-1.0,22.841789725109837,7.776295035275961,12.753984814325586,28.302539355437343,20.753373890285275,-1.0,10.877995190064915,7.0951484041967054,-1.0,-1.0,11.38668556167303,9.877159917511596,-1.0,-1.0,-1.0,25.97862586079575,-1.0,-1.0,25.658942753023368,-1.0,8.021797935358641,21.685745761893298,1.3188877936296723,-1.0,14.843279249621746,12.252275710971823,-1.0,22.809558118635522,14.703669564922592,17.976238813187987,7.5237108687239465,-1.0,14.944311245238886,15.156003780797363,10.66925436454188,20.350430446189822,-1.0,25.203650839693953,2.5866366382673176,-1.0,3.1020444528121156,11.592487568118488,2.029393009683669,-1.0
supplier13,21.429147726852417,4.459224434221643,-1.0,4.478001959651575,18.548670958645964,21.577100198708585,19.929119640048263,18.255895086254966,-1.0,2.6787457428190597,-1.0,2.849504689701366,20.481265156958237,-1.0,9.575800387902566,-1.0,30.147980103577044,-1.0,-1.0,22.968577926221474,-1.0,14.783148161261554,3.5714687891194976,2.570613007174606,-1.0,14.911958051736974,6.86587972334326,4.945330954230195,16.535690192092034,4.461462984587219,10.387270492004712,8.70308528453588,16.826614569481624,23.734043423506137,9.392388606727062,1.8563747541511726,17.133610620610025,12.459177827466815,1.120863521178514,4.554235758700882,0.21608139306950147,-1.0,0.983480429884622,11.6523849473073,4.627737726642053,6.778562382034645,9.537151425275496,18.15012386724251,5.138107534100271,19.60430510770804,-1.0,12.817394735297405,15.165641757969972,26.630572113166473,15.402680586811512,8.60461304075955,-1.0,-1.0,14.23076200335276,26.863427184821887,25.610546502905233,-1.0,-1.0,-1.0,1.4959838067748286,-1.0,11.019373124199706,9.086987124110669,11.491561003116443,6.49283372494977,0.09331853139455554,-1.0,-1.0,1.1951133429666667,26.880797169834008,22.774561173318336,7.765100401427166,22.363425316952465,-1.0,18.391003930255827,14.843279249621746,15.877949135647158,21.553088115056095,26.648790673257338,13.674412695378011,-1.0,6.161659763179094,-1.0,19.979894382221552,13.698695724951461,-1.0,19.785140711573437,9.03154275770734,24.26145828493904,2.0734150830555484,28.043026880089855,3.5451936603567042,9.707530239969142,2.203340981942269,1.817800906360141
supplier14,20.1561290500097,3.180222077119312,20.445631095187295,4.2798602800209755,21.402312644591497,23.996961903236645,23.42185194809796,19.056592239160885,15.265882817534616,3.7269505987047786,27.365033673415965,3.128867894574049,17.92110701233846,0.6729426177829705,7.2590744876035584,-1.0,-1.0,24.61079563113711,-1.0,20.49157442437406,-1.0,18.052498235386704,4.787287951372944,2.6667106896858064,29.37837654726812,15.058153718910866,-1.0,3.748879916916438,14.627725939158339,-1.0,8.996118193968366,-1.0,15.32179538034099,-1.0,8.69015394454186,1.8418718263843665,18.54831241497232,14.598632605920711,1.356244860626002,4.414820378332487,-1.0,7.466522237521716,1.2795820646885943,10.242822252068516,4.911897060734109,8.967473151233333,9.155665368264476,16.579440071038828,4.229057739605608,23.7754338540289,-1.0,14.044592103570562,15.165641757969972,-1.0,19.10524803556428,6.760767389168218,31.283320710476517,-1.0,13.425247172974302,24.944610957334607,-1.0,16.70789116320016,12.06038597159371,6.503886037180314,-1.0,-1.0,10.560232577358052,10.469789512562292,12.31238678905333,-1.0,-1.0,23.59725182355614,8.819308616628675,-1.0,28.10265158664464,29.58345059626918,5.839868896941092,-1.0,1.1124531824528543,23.09092715687676,-1.0,15.002786584863456,20.181527962279798,25.745441836875735,13.233302608430334,19.868474477734093,7.3291321393603965,25.405908376097667,19.16770355367596,-1.0,-1.0,19.596710800034643,8.864291965897944,24.26145828493904,1.8886553231793113,28.272887756156162,3.8300752937782243,11.87523116734089,-1.0,1.8003220514912934
supplier15,23.550845521590283,-1.0,21.821779341978747,3.8043202489075334,22.217638840575933,-1.0,-1.0,17.615337363930234,13.066560716703359,-1.0,26.89322274801224,2.849504689701366,20.993296785882194,0.566126329245991,8.262989044399797,-1.0,28.988442407285618,20.875228437125223,16.42084540067608,22.067849380095144,29.26877830508925,16.77318733681599,3.7994348820420187,-1.0,30.56298850481926,17.54348006086703,6.3209686341890325,3.8286433194040215,-1.0,3.7902694382333895,9.830809572790173,8.236848572864314,15.45859712480832,21.645447602237592,10.972416596643765,1.4792986322142156,15.561719737985252,12.585028108552338,1.019985804272448,5.065425486718328,-1.0,-1.0,1.1103811305148958,9.021201249528232,-1.0,6.778562382034645,7.095640660404969,21.466011881450275,4.229057739605608,25.02677247792516,20.693629298588757,-1.0,16.779007902434866,20.68990602638318,18.512837243763837,-1.0,23.090070048208858,10.368393380367948,-1.0,25.18446298577052,-1.0,13.33936471900658,-1.0,7.50903206110818,-1.0,5.952874439571422,-1.0,10.074703115861828,-1.0,4.544983607464839,0.09178871940448086,-1.0,-1.0,1.4709087298051282,-1.0,29.348661305822603,-1.0,23.492891242051076,1.1812647195117936,23.499616133104666,15.1343239407908,13.752554369458169,20.377465126962125,-1.0,16.174036521414852,24.220616506190133,6.161659763179094,-1.0,15.26918757665712,13.115772502613103,10.952508905193435,17.712411684646696,8.111663402755665,23.319265730184124,2.0323573586386066,24.36525286302889,3.260312026935183,9.896025972784075,2.415944059147225,-1.0
supplier16,-1.0,3.3530602334844914,-1.0,3.8835769207597735,18.95633405663818,22.1820656248406,21.161848689948158,17.134919072186683,-1.0,3.4648993847333487,-1.0,3.575849022370342,21.334651205164832,0.5180589994043503,8.262989044399797,5.533922736418323,-1.0,27.467405838322666,21.08782251455244,23.193760062753057,23.88332309695283,15.493876438245282,-1.0,2.4504909040356053,29.852221330288575,15.789132054780326,5.939530871781074,-1.0,15.422711044547379,-1.0,9.36709214011139,8.159142454252388,14.364183169069678,21.2657029074615,10.006843936139111,-1.0,17.91955606192241,-1.0,1.1993239676610101,5.251312660542853,0.22481195440564294,8.189088905668978,1.0046305466563343,9.115172095877485,-1.0,8.190762878291862,9.308259791068885,18.848205554444146,4.150009931388681,26.48666753913746,21.36116572757549,-1.0,18.392374046899754,19.665653252799856,18.809042639664057,-1.0,-1.0,11.232426162065277,14.365014475082504,27.3431312416937,23.181960196595256,14.686775296684013,13.242776753122506,6.681264747285231,1.640333121463628,-1.0,-1.0,9.185758723285785,-1.0,4.794707981501368,0.07343097552358469,-1.0,9.364832860956223,1.1261644962570512,-1.0,25.12245407778415,8.085972318841511,23.718784427070798,1.2271390775510866,25.543061014244202,18.335815543650394,12.877391818674466,-1.0,25.745441836875735,15.438853043168722,20.625368743552535,6.291378916088128,24.240499734992266,18.030636393712136,-1.0,9.819490742587218,22.988449207732945,10.536799883991895,26.85248781051505,2.6071655004757885,27.35344425189092,3.038737423162889,-1.0,2.3579614017276915,2.0450260196551584
supplier17,24.399524639485424,4.217251015310391,25.16385365561513,3.9232052566858937,20.790817997603167,22.58537590892861,-1.0,18.09575565567378,13.713420158124318,-1.0,23.590546270186177,2.737759407752293,17.409075383414503,0.6729426177829705,7.7224196676633605,5.533922736418323,-1.0,22.413403164071294,22.1249285398583,29.273677749105804,21.54182083254569,15.92031340443552,4.673304904911683,-1.0,-1.0,17.251088726519242,-1.0,4.62627734427986,-1.0,4.935246664366392,9.36709214011139,9.013909758983589,13.816976191200357,20.696085865297352,9.743505937819663,1.725848404249918,16.190476091035162,14.221081762664141,1.053611709907803,4.554235758700882,-1.0,7.867948164270195,1.2478568895310258,11.27650156191029,-1.0,9.038083176046193,8.392693254242438,16.40491964923842,-1.0,-1.0,20.2486050125976,15.680855261268102,15.488314986862951,25.196618230149816,-1.0,7.9899978235624385,-1.0,-1.0,14.365014475082504,-1.0,22.298837903391625,-1.0,13.361015831275383,-1.0,1.4172478169445746,6.171328547445602,10.927545014831376,-1.0,13.338419021474442,5.493936228803651,0.08184494146899543,26.411602958475676,9.273912153568299,1.4364343064503204,26.880797169834008,27.235557691803372,-1.0,22.589318501972187,1.3532935621591422,23.499616133104666,15.279846286375328,12.252275710971823,20.377465126962125,29.358837182402155,-1.0,24.03139293973552,7.588570445178464,25.872071832539824,16.893569233748305,17.924889086904574,10.102745283238773,23.17687911927174,10.285923696277802,-1.0,2.340290291765668,26.8937224997583,-1.0,12.063726900155826,2.2226685344154467,-1.0
supplier18,19.51961971158834,3.560466021122708,20.64222370187179,4.8742853189127775,19.771660252622617,22.78703105097261,24.44912615634787,-1.0,12.807816940134975,-1.0,24.534168120993627,3.2406131765231216,17.067720964131865,0.6889650610635174,7.4907470776334595,5.446774346868429,27.828904710994195,-1.0,21.433524522987724,28.823313476042635,22.24427151186783,12.793108985707114,3.98940662614412,3.123174681614007,-1.0,18.713045398258163,6.26647752527361,5.1048577592053626,16.05869912885861,4.895764691051462,9.64532259971866,-1.0,14.227381424602347,-1.0,10.533519932778013,1.4792986322142156,16.662043355822593,-1.0,-1.0,4.7401229325254075,0.20735083173336,-1.0,1.0046305466563343,9.491055481274495,3.9376364867042035,7.0610024812860885,7.934909985829213,21.466011881450275,3.675723082087117,22.73265166744869,20.2486050125976,13.22646052472179,18.06970081800678,24.377216011283153,18.216631847863614,8.126578982939575,30.786760064278475,-1.0,13.290994701244559,30.22135558292462,22.96117962329435,12.530918372400121,-1.0,6.149128616970478,1.5484744666616648,6.826690871068144,11.662169889778024,11.753820301838799,-1.0,5.543881103610957,0.07113625753847266,21.648854883996457,-1.0,1.2295877663214743,25.170200986299115,-1.0,5.904043280423961,22.363425316952465,-1.0,18.799692906483735,-1.0,13.002415040214995,19.201842138868155,20.55118602768151,18.08551356485479,23.08527510746247,-1.0,25.405908376097667,18.680389056548606,14.135888141705232,10.66925436454188,21.857869738500177,8.195288798660362,26.61693967182632,1.8681264609708406,-1.0,-1.0,11.780983300933423,-1.0,2.2372934232124813
supplier19,22.702166403695138,3.595033652395744,19.65926066844932,3.8043202489075334,25.071280526521463,22.1820656248406,21.161848689948158,17.134919072186683,13.19593260498755,2.911680155238108,-1.0,3.184740535548585,19.96923352803428,0.566126329245991,7.954092257693262,5.054606593893901,28.756534868027334,23.731838644310784,21.08782251455244,-1.0,26.927276040682106,13.788128573484332,3.9514122773236995,2.570613007174606,29.141454155757895,-1.0,5.013182020218888,-1.0,15.422711044547379,4.185089171382701,11.778422790041056,9.713264826490937,13.543372702265696,23.164426381341986,8.602374611768711,1.4212869211469914,19.334257856284705,15.98298569786147,1.3226189549906466,4.414820378332487,-1.0,-1.0,1.3747575901612996,-1.0,4.3841725831345775,7.414052605350394,7.782315563024805,16.753960492839237,4.229057739605608,21.272756606236385,25.143872158500315,17.72618420839003,20.812423263597093,19.05110158864986,16.883707566312616,-1.0,24.083191340604934,-1.0,14.767771890271733,24.7047589288987,-1.0,15.8994448165937,13.361015831275383,7.331653351003263,1.6140877915202099,7.09975850591087,11.478513671041362,12.148906698539264,-1.0,5.244211854767121,0.08260984746403277,26.844580056155607,-1.0,1.39046840864391,22.237750385953586,25.59203265867731,7.38005410052995,29.366114052563844,1.2156704880412634,19.20838188271164,-1.0,11.62715960326918,25.079957079338,27.552139509638945,-1.0,-1.0,6.6805363748152295,24.473581463213346,20.954523376476264,13.698695724951461,10.480418004107513,20.72729026926741,10.704050675801291,-1.0,1.9297130475962527,-1.0,2.8804698490398217,11.403991835303554,1.7974623800055356,2.0450260196551584
supplier20,-1.0,3.595033652395744,-1.0,-1.0,21.809975742583713,26.21516846572071,19.929119640048263,14.412548752306554,16.17148603552396,2.6787457428190597,22.175113493975005,3.60378534285761,19.457201899110323,0.6515793600755746,9.1896794045194,4.488142061819585,-1.0,24.391056384430527,19.877865485028938,25.895945701132053,23.88332309695283,15.209585127451792,-1.0,2.858906054708206,27.24607502367608,16.520110390649783,6.3209686341890325,3.6691165144288544,17.966663381792305,4.14560719806777,-1.0,-1.0,13.953777935667688,20.696085865297352,8.602374611768711,-1.0,18.39112332670984,15.731285135690422,1.288993049355291,5.855445975472563,0.22917723507371368,9.232796315215024,1.3007321814603066,8.833259556829727,-1.0,8.685033051981888,7.171937871807173,18.673685132643737,4.663820684798708,-1.0,24.92136001550474,16.498986840116874,15.64965160130944,-1.0,15.550783284761623,7.443673186053897,24.083191340604934,10.281990102198215,-1.0,21.58668255923187,-1.0,16.30366798989693,-1.0,7.56815829780982,1.4434931468879928,-1.0,10.560232577358052,12.543993095239728,12.620196458779663,5.893495227262098,0.09943777935485426,21.215877786316526,9.91035710528377,1.103181547353846,-1.0,22.304982592425176,-1.0,25.977716277268012,1.146858950982324,20.434448811395363,-1.0,-1.0,18.61403064482117,26.648790673257338,18.526623651802467,22.328380841644027,6.4210980689971615,28.669052571192776,-1.0,13.261503308197693,11.802272527148098,-1.0,9.951422112659012,22.37707317542921,-1.0,25.054835491227823,-1.0,-1.0,-1.0,-1.0
supplier21,27.58207133159222,-1.0,-1.0,5.072426998543378,25.478943624513683,23.39199647710463,22.189122898198068,-1.0,13.584048269840126,-1.0,21.939208031273147,2.6539504462904877,17.75042980269714,-1.0,9.653024584579201,4.270271087944848,23.654569004345067,-1.0,15.556590379587865,20.94193869743723,-1.0,16.631041681419248,-1.0,3.027076999102807,30.799910896329486,14.61956671738919,6.647915287681569,-1.0,-1.0,4.935246664366392,10.387270492004712,-1.0,15.184993635873662,18.60749004402881,-1.0,1.60982498211547,17.762366973659933,13.591830357236526,1.4234966718967128,5.808974182016431,-1.0,9.553937056613808,-1.0,11.464443254608796,-1.0,-1.0,8.087504408633622,22.16409356865191,-1.0,25.86099822718933,25.811408587487048,15.271789471843718,19.037720504685712,21.099607135816512,19.253350733514388,6.282733331348243,-1.0,9.936376989519283,13.290994701244559,23.505498786719148,24.065082489798886,-1.0,-1.0,7.154274640898345,1.4828611418031195,-1.0,8.631842280623104,11.259962305963219,9.849909431242663,5.194266979959815,0.08796418942929415,23.59725182355614,9.546674275732071,1.2066048174182693,-1.0,27.235557691803372,7.38005410052995,26.203609462287734,-1.0,22.682238180648856,18.772382580403974,15.252833027944513,18.61403064482117,-1.0,14.556632869273367,-1.0,-1.0,29.368297755856016,17.380883730875663,16.321850225474083,-1.0,-1.0,9.616920529040222,-1.0,1.8475975987623698,25.054835491227823,-1.0,9.801778106376608,1.7781348275323576,1.8352797612289884
supplier22,25.036033977906783,3.6641689149418157,21.821779341978747,3.8835769207597735,19.975491801618727,26.013513323676705,22.189122898198068,19.056592239160885,12.937188828419167,3.2319649723143002,22.175113493975005,2.709823087265024,20.993296785882194,0.566126329245991,-1.0,4.40099367226969,25.046014239894777,26.148970358083176,-1.0,-1.0,29.502928531529964,-1.0,4.5593218584504225,-1.0,25.587618283104497,13.596197047171948,6.593424178766146,4.825685850498819,18.920645508259152,4.264053118012564,11.40744884389803,8.70308528453588,13.816976191200357,21.07583056007345,9.304609273953911,1.3922810656133793,14.775774296672864,16.108835978946992,1.0424030746960182,4.693651139069276,-1.0,8.670800017767155,1.2901571230744504,11.746355793656553,3.775259724365886,6.4255122579703405,7.782315563024805,20.069848507047002,4.861440205341026,25.443885352557245,-1.0,15.680855261268102,14.842968529076996,25.606319339583145,15.254577888861402,8.672903620448118,23.338350371307875,10.109183545858748,12.082722455676873,21.826534587667783,-1.0,14.013070007845297,14.54340661280418,6.09000238026884,1.3516344920860295,5.570579750791605,11.753997999146355,12.346449896889496,9.43949653827422,6.49283372494977,0.08260984746403277,24.03022892123607,9.72851569050792,1.0801985984506408,31.279473070352296,25.12245407778415,7.572577250978558,-1.0,1.3991679201984353,19.412726370825595,16.007458014297963,16.253018800268745,20.377465126962125,27.552139509638945,18.967733738750145,22.517604408098638,6.939974680633297,22.37584590922363,-1.0,14.135888141705232,12.085527067799653,17.90084159618549,-1.0,28.73687292002488,2.5045211894334347,22.296504978432097,3.988342867901292,-1.0,-1.0,2.010068309917463
supplier23,26.945561993170863,4.217251015310391,23.001334982085705,-1.0,21.809975742583713,18.552273068048503,19.107300273448338,14.892967044050106,13.713420158124318,3.377548980076205,-1.0,3.436167419934,-1.0,-1.0,8.34021324107643,-1.0,26.901274553961052,24.830534877843686,19.705014480811293,29.048495612574218,-1.0,16.488896026022502,3.5714687891194976,2.9069548959638065,30.799910896329486,13.303805712824165,-1.0,3.9084067218916054,16.376693171014228,4.935246664366392,9.552579113182903,8.003730217028533,15.048191891406331,21.645447602237592,8.69015394454186,1.8563747541511726,-1.0,14.221081762664141,-1.0,5.018953693262197,0.27937796275652715,7.787662978920499,1.3007321814603066,8.645317864131224,5.2772447759953245,7.414052605350394,-1.0,16.40491964923842,-1.0,-1.0,23.58628715753127,-1.0,19.1990571191322,-1.0,-1.0,6.965639128233922,-1.0,10.022780267689015,15.17052930546096,24.944610957334607,23.844301916497976,14.417293181148526,-1.0,5.3804875398491685,1.6009651265485008,7.045144978942325,10.284748249253061,10.864875909262757,12.722799682021774,4.495038732657533,-1.0,21.215877786316526,-1.0,-1.0,-1.0,29.11387201537602,-1.0,-1.0,1.3188877936296723,26.156094478586066,13.824622830530057,15.75292591410663,-1.0,24.39041858230333,17.056256695310207,17.408568113824156,-1.0,-1.0,-1.0,-1.0,11.141345265627805,-1.0,9.198793549516735,23.319265730184124,2.196588256306373,28.502748632222474,3.197004997285956,10.08452170559901,-1.0,2.0799837293928536
supplier24,19.09528015264077,3.4913307585766358,18.47970502834236,4.7157719752082965,-1.0,21.980410482796596,26.29821973119771,17.935616225092602,13.19593260498755,3.115497766104776,23.118735344782454,2.9891862921377075,17.92110701233846,0.598171215807085,8.880782617812864,5.577496931193271,27.596997171735907,27.687145085029247,-1.0,21.16712083396881,-1.0,12.793108985707114,3.837429230862439,2.810857213452606,-1.0,17.835871395214813,5.7760575450348055,4.4268688380609005,18.761648487181347,3.908715358178183,10.758244438147734,7.304375149521184,-1.0,21.07583056007345,8.777933277315011,1.4647957044474096,14.775774296672864,13.591830357236526,1.277784414143506,-1.0,0.20516819139932463,-1.0,1.057505838585615,8.92723040317898,4.911897060734109,7.13161250609895,9.23196257966668,-1.0,-1.0,21.48131304355243,20.2486050125976,17.18076315582418,-1.0,-1.0,-1.0,-1.0,24.331471663703955,-1.0,13.425247172974302,23.505498786719148,25.610546502905233,17.516337509806622,12.53334228420523,-1.0,1.6009651265485008,5.734420331697241,9.366467155569751,10.173474715036944,9.849909431242663,5.094377230345204,0.08260984746403277,26.19511440963571,-1.0,1.2985366130310896,-1.0,28.644293434482858,6.6099614987355215,-1.0,1.3647621516689654,-1.0,13.097011102607423,15.252833027944513,23.12058543251472,21.00286044587231,15.438853043168722,-1.0,6.226519339633612,21.90968245278147,20.62964704505803,17.487696670150804,10.291581643673142,24.495888500043304,-1.0,24.968102701005225,1.9502419098047235,25.054835491227823,3.798421778953611,9.424786640746738,2.145358324522736,1.6430123576716658
supplier25,26.52122243422329,4.009845227672176,24.180890622192663,4.913913654838897,18.95633405663818,18.148962783960492,24.243671314697888,19.857289392066807,-1.0,3.2319649723143002,27.365033673415965,3.436167419934,-1.0,0.5340814426848972,9.112455207842764,4.270271087944848,28.988442407285618,24.171317137723946,19.18646146815837,21.84266724356356,28.566327625767105,14.9252938166583,4.141384021425801,2.7868327928248062,27.95684219820676,14.61956671738919,-1.0,4.865567551742611,20.351618697959427,3.908715358178183,-1.0,-1.0,17.10021805841628,18.60749004402881,-1.0,1.7548542597835302,17.44798879713498,13.969381200493096,1.3002016845670763,4.83306651943767,0.22917723507371368,7.3059518668223244,1.3747575901612996,-1.0,-1.0,8.75564307679475,8.697882099851252,-1.0,4.663820684798708,25.443885352557245,26.256432873478204,16.90805262954126,18.71504727579273,20.280204916949852,-1.0,8.26316014231671,27.3108355408922,-1.0,15.707539192379933,26.143871099514158,20.091032170382555,13.74358789230981,13.833972143886902,6.858643457390149,1.5222291367182466,5.079058008074699,8.356357952518112,8.889443925760437,11.081148110147998,5.793605477647486,0.08184494146899543,21.648854883996457,9.819436397895846,1.4594172553535256,24.925830102936988,-1.0,5.775694513458222,21.008066206834133,1.1124531824528543,20.638793299509317,18.190293198065866,14.127624034079753,23.12058543251472,22.357883700444717,15.732926434467174,19.11158021191565,5.9670810338155444,29.834461212298176,19.655018050803317,14.135888141705232,9.819490742587218,18.842991153879463,7.94441261094627,-1.0,-1.0,28.962470384355093,3.640154204830544,9.707530239969142,-1.0,2.027547164786311
supplier26,-1.0,3.4913307585766358,20.445631095187295,4.319488615947096,23.236796585556476,22.383720766884608,24.038216473047903,-1.0,13.584048269840126,3.4648993847333487,29.016371912328996,-1.0,20.310587947316918,0.6035120302339337,-1.0,4.531716256594533,29.220349946543905,28.12662357844241,18.14935544285251,-1.0,22.478421738308544,17.48391561379972,-1.0,2.762808372197006,-1.0,-1.0,-1.0,3.708998215672646,18.920645508259152,4.066643251437908,11.500192330433787,8.08143633564046,12.448958746527055,18.22774534925271,11.235754594963215,1.4938015599810217,16.976421532347548,11.578225859868152,1.3898707662613574,5.204840867086722,0.22481195440564294,-1.0,1.332457356617875,12.028268332704311,5.033679632487848,8.685033051981888,8.621584888449048,15.881358383837195,3.59667527387019,21.898425918184515,28.704066446429565,12.681039472155945,17.26301774577433,19.87050380751652,-1.0,8.60461304075955,26.069433925397096,9.417957320500888,14.63351941854199,29.26194746918098,24.727424209701606,14.14781106561304,10.641517033759156,6.563012273881953,1.4172478169445746,6.717463817131054,9.18281093683309,11.95136350018903,-1.0,5.893495227262098,0.0871992834342568,-1.0,9.637594983119996,1.0801985984506408,-1.0,30.522607758055507,-1.0,28.688434497504677,1.0665788244135612,22.477893692534902,-1.0,-1.0,-1.0,25.293767418684936,16.762183304011753,18.35468594609721,7.004834257087814,26.33823528898198,16.893569233748305,-1.0,11.23576344584499,18.277701419263078,9.533295133135523,-1.0,2.1555305318894313,25.744418119426754,3.4185796010582505,10.83850463685875,1.8747725898982466,1.5905757930651234
supplier27,21.429147726852417,3.3876278647575275,25.360446262299625,-1.0,18.95633405663818,-1.0,23.62730678974794,16.33422191928076,-1.0,3.4066657816285866,28.07275006152155,3.436167419934,20.822619576240875,-1.0,9.112455207842764,5.533922736418323,24.350291622119922,27.247666591616085,19.013610463940726,-1.0,29.502928531529964,-1.0,4.863276649013784,2.9550037372194065,28.430686981227215,-1.0,-1.0,3.8286433194040215,17.330675297481076,-1.0,-1.0,-1.0,14.227381424602347,19.746724128357105,9.216829941180762,-1.0,14.304207031885433,11.704076140953674,1.0087771690606626,4.926010106349934,0.21608139306950147,7.707377793570803,1.269007006302738,9.115172095877485,4.708926107811212,9.108693200859054,9.766043059482108,-1.0,4.268581643714072,-1.0,-1.0,14.317302629853486,-1.0,23.14811268298316,-1.0,7.033929707922489,31.531601033575534,10.109183545858748,-1.0,31.18076369666826,21.194935036887088,16.842632220967904,12.06038597159371,6.622138510583593,1.4697384768314108,-1.0,8.907326608728097,12.24767829771438,-1.0,5.99338497687671,0.09714306136974224,-1.0,-1.0,1.3330110363858974,26.147684519747624,-1.0,8.21432108580725,21.233959391853855,1.1124531824528543,21.660515740079084,14.11566752169911,12.127252489431294,22.72871110315006,21.454534864063113,13.674412695378011,-1.0,-1.0,29.368297755856016,19.817456216512436,15.010272975212773,11.04692708541062,20.350430446189822,8.111663402755665,28.030228503958693,1.9502419098047235,27.813166004023543,-1.0,11.309743968896086,-1.0,-1.0
supplier28,-1.0,3.9407099651261035,24.770668442246144,-1.0,24.459785879533136,19.157238494180515,-1.0,-1.0,-1.0,3.7560674002571597,-1.0,3.575849022370342,15.702303287001317,0.6836242466366684,8.57188583110633,4.444567867044637,-1.0,27.247666591616085,22.29777954407594,26.796674247258387,24.819924002715684,18.052498235386704,-1.0,3.099150260986207,26.772230240655624,16.666306057823675,5.2311464558805785,3.9482884231353976,-1.0,3.592859571658734,-1.0,9.868677063714792,17.237019802883612,19.556851780969055,-1.0,1.624327909882276,17.60517788539746,14.472782324835189,1.0984462507549437,-1.0,0.25973419975020884,-1.0,1.2372818311451697,-1.0,4.587143536057473,8.120152853479,8.621584888449048,17.80108302364169,4.150009931388681,21.064200168920344,28.036530017442832,16.771697366399795,16.779007902434866,19.255952143366525,-1.0,-1.0,-1.0,9.936376989519283,12.4854798708661,26.62357515638598,23.62352134319707,15.764703758825958,-1.0,5.616992486655725,1.2728985022557753,6.499009709256873,10.652060686726383,9.2845303224609,13.030609351748108,5.693715728032874,0.07955022348388341,27.710534251515465,11.092326301326787,1.3559939852891025,28.347022470006767,26.531189820463627,7.251705333564212,24.396463982129962,1.4221050992180817,18.799692906483735,17.46268147014323,14.37767047716081,24.29620842060869,21.22869765496771,13.968486086676462,20.057698044188705,-1.0,27.73672565830846,15.106749410948005,16.613311836643263,9.347399841501295,-1.0,7.693536423232178,24.02591014625031,-1.0,28.732609508288785,-1.0,-1.0,2.3579614017276915,-1.0
supplier29,21.85348728579999,3.1110868145732398,20.052445881818308,-1.0,22.217638840575933,21.375445056664578,24.860035839647836,17.77547679451142,16.30085792380815,2.6496289412666787,25.949600897204796,2.737759407752293,-1.0,0.6622609889292725,-1.0,4.706013035694323,21.5674011510205,22.633142410777875,16.247994396458434,24.319670745410974,21.775971058986404,15.636022093642028,4.293361416707481,2.858906054708206,30.56298850481926,17.251088726519242,-1.0,4.466750539304693,17.966663381792305,-1.0,10.665500951611978,8.70308528453588,14.500984913537009,21.455575254849546,8.16347794790296,1.7548542597835302,16.033287002772685,16.108835978946992,-1.0,5.762502388560299,0.24882099808003197,-1.0,1.0046305466563343,-1.0,5.155462204241586,8.896863126420472,7.7060183516226015,-1.0,4.940488013557953,23.566877416712856,27.814017874447252,15.135434208702257,-1.0,-1.0,14.365961701160735,6.965639128233922,26.069433925397096,10.800409771216612,14.23076200335276,23.98520284359097,24.5066436364007,16.842632220967904,13.952211222039782,-1.0,-1.0,5.079058008074699,10.468404467989721,11.852591901013914,11.28635455663222,4.994487480730592,-1.0,23.16427472587621,10.001277812671695,1.0457241750958333,-1.0,23.2441397542115,7.059182183115606,22.137532131932744,1.3074192041198491,20.84313778762327,18.48133788923492,-1.0,21.357150950373768,23.487069745921726,17.497366782257885,21.571486575825585,7.264272562905881,21.210437268118234,18.193074559421255,-1.0,10.291581643673142,20.915720180806208,-1.0,-1.0,2.2376459807233147,26.434000747625678,3.0703909379875025,11.686735434525955,2.0100654572104912,2.027547164786311
supplier30,24.399524639485424,4.355521540402536,19.855853275133814,4.1213469363164945,-1.0,18.753928210092507,24.44912615634787,-1.0,16.688973588660726,2.6787457428190597,27.836844598819688,2.5142688438541465,19.96923352803428,0.48601411284325646,7.027401897573658,4.052400114070111,-1.0,24.171317137723946,15.556590379587865,25.445581428068888,30.205379210852104,18.052498235386704,4.939265346654625,2.9550037372194065,24.876851108573813,-1.0,5.721566436119383,3.7887616181602297,17.171678276403266,-1.0,8.903374707432608,8.392260810088171,15.86900235821031,22.97455403395394,-1.0,-1.0,15.718908826247729,11.704076140953674,-1.0,5.204840867086722,0.2444557174119613,7.38623705217202,1.3218822982320189,8.833259556829727,5.196056394826165,9.038083176046193,7.095640660404969,20.942450616049047,3.7547708903040444,19.60430510770804,-1.0,13.771881577287639,18.553710661346244,-1.0,18.512837243763837,-1.0,26.814274894694158,-1.0,-1.0,-1.0,-1.0,15.764703758825958,12.415103206052349,-1.0,1.5091064717465377,4.915217427169064,10.284748249253061,8.988215524935553,12.41499001229544,5.793605477647486,0.07419588151862203,21.648854883996457,8.27378437230113,-1.0,25.903313636385498,25.35724336823073,6.289089581321175,22.81521168699191,-1.0,19.821415347053502,-1.0,12.127252489431294,25.079957079338,23.712906955017125,16.468109912713306,-1.0,6.356238492542645,-1.0,14.944311245238886,14.864542169628184,10.385999823890328,18.089271507724284,9.198793549516735,27.794680365269965,2.545578913850376,26.434000747625678,4.019996382725905,11.309743968896086,-1.0,1.9051951807043785
supplier31,24.187354860011638,4.3209539091295,-1.0,4.359116951873216,20.994649546599277,20.972134772576567,-1.0,15.853803627537209,15.395254705818807,3.4357825831809676,21.23149164316756,2.765695728239561,17.579752593055822,-1.0,7.954092257693262,-1.0,23.42266146508678,-1.0,21.433524522987724,26.121127837663636,29.034628078648534,12.93525464110386,-1.0,3.0751258403584067,22.507627193471546,13.596197047171948,-1.0,4.865567551742611,15.26371402346957,4.185089171382701,9.459835626647147,7.848317979804677,16.416209336079632,-1.0,10.884637263870614,1.595322054348664,15.404530649722775,13.969381200493096,1.4122880366849278,5.297784453998984,0.20735083173336,8.429944461718067,1.057505838585615,9.866938866671505,-1.0,-1.0,8.774179311253455,22.33861399045232,3.7547708903040444,25.443885352557245,22.47372644255338,15.271789471843718,15.165641757969972,-1.0,15.550783284761623,7.443673186053897,-1.0,9.84997371134955,16.513054022758393,26.62357515638598,-1.0,12.800400487935606,14.77988476910994,6.917769694091788,-1.0,-1.0,8.448186061886442,11.655048702663683,10.670735217179553,6.49283372494977,0.07266606952854734,27.4940457026755,9.455753568344148,1.3215195619342948,23.215233919402095,29.11387201537602,7.187530950081344,25.30003672220885,1.3762307411787886,22.069204716306995,13.533578139361005,13.127438261755525,19.397779303550486,21.00286044587231,-1.0,22.517604408098638,-1.0,-1.0,19.655018050803317,15.884657808720315,10.385999823890328,20.16200053465103,9.115168153612037,21.905976898051755,1.8475975987623698,26.66386162369199,3.576847175181317,-1.0,2.3579614017276915,2.010068309917463
supplier32,24.187354860011638,3.145654445846276,-1.0,4.755400311134417,20.179323350614837,-1.0,19.723664798398282,19.69714996148562,14.74839526439785,-1.0,23.590546270186177,-1.0,19.115847479827693,-1.0,8.185764847723162,-1.0,-1.0,24.830534877843686,16.247994396458434,28.823313476042635,29.971228984411393,14.783148161261554,-1.0,2.1862222771298048,-1.0,17.397284393693138,6.429950852019878,-1.0,17.330675297481076,4.421981011272289,11.871166276576812,-1.0,12.996165724396375,24.49353281305833,11.060195929416913,1.3632752100797672,16.976421532347548,11.578225859868152,1.277784414143506,5.530143421279642,0.19862027039721852,9.31308150056472,1.2267067727593135,11.840326640005806,4.790114488980371,-1.0,9.537151425275496,-1.0,3.912866506737899,22.10698235550056,24.92136001550474,-1.0,18.231037432453263,18.641400479216532,19.253350733514388,6.829057968856786,-1.0,9.84997371134955,-1.0,-1.0,-1.0,-1.0,13.124537674969627,6.976895930793427,1.3647571570577386,6.772077344099599,10.284748249253061,9.77838831833648,11.388957779874332,-1.0,0.09943777935485426,27.4940457026755,8.27378437230113,-1.0,-1.0,27.939925563143113,6.417438348286914,24.622357167149687,1.3074192041198491,26.156094478586066,18.04477085248134,-1.0,-1.0,21.906209282253915,-1.0,-1.0,8.172306633269116,24.00741800677119,15.43162574236624,16.176119419889496,9.158563481066924,21.292580003883792,-1.0,21.199332481985568,1.9502419098047235,21.606922350233166,-1.0,9.613282373561674,-1.0,1.7304066320159033
supplier33,-1.0,-1.0,23.98429801550817,4.081718600390374,25.275112075517573,20.367169346444552,-1.0,19.53701053090444,14.360279599545276,-1.0,29.724088300434584,3.4641037404212685,-1.0,-1.0,7.799643864339994,4.444567867044637,-1.0,27.687145085029247,-1.0,24.319670745410974,21.54182083254569,16.20460471522901,4.02740097496454,3.099150260986207,28.90453176424767,19.005436732605947,6.9203708322586825,-1.0,-1.0,4.895764691051462,-1.0,-1.0,17.237019802883612,20.8859582126854,10.621299265551164,-1.0,19.648636032809662,13.214279513979955,1.120863521178514,4.5077639652447505,-1.0,-1.0,-1.0,9.772968020322253,-1.0,-1.0,-1.0,-1.0,5.098583629991808,25.02677247792516,24.476335729513583,-1.0,18.87638389023922,23.762664347133157,13.625448211410184,-1.0,25.821153602298075,8.726731095143023,12.35122739913636,23.26564675828324,21.857276756789812,15.629962701058213,14.77988476910994,-1.0,1.2991438321991933,-1.0,9.550123374306413,-1.0,10.978544886905887,-1.0,-1.0,24.463206018915994,8.27378437230113,-1.0,-1.0,24.887664787337567,6.7383102657012595,25.30003672220885,1.4106365097082585,26.564783454813973,-1.0,16.127995578728214,-1.0,28.45548834602055,-1.0,17.030120980914937,7.004834257087814,-1.0,-1.0,15.010272975212773,8.592054399763816,20.72729026926741,-1.0,30.621258029534708,2.545578913850376,21.836783226299474,4.083303412375132,10.744256770451281,2.435271611620403,2.1149414391305483
supplier34,19.09528015264077,3.767871808760924,-1.0,3.725063577055293,-1.0,19.963859062356537,24.65458099799785,20.177568253229175,15.783370370671383,3.610483392495254,25.24188450909921,2.7936320487268294,17.409075383414503,-1.0,8.108540651046528,4.531716256594533,29.91607256431876,20.435749943712064,18.84075945972308,23.418942199284643,-1.0,15.636022093642028,4.749293602552523,2.810857213452606,24.876851108573813,13.303805712824165,5.8305486539502285,4.865567551742611,-1.0,4.421981011272289,-1.0,7.226669030909258,17.784226780752935,18.60749004402881,8.16347794790296,1.7983630430839483,19.80582512107214,14.346932043749664,1.0087771690606626,5.297784453998984,0.27283004175442105,10.437074095460463,1.1315312472866081,-1.0,4.262390011380839,7.978932803853279,-1.0,16.40491964923842,-1.0,-1.0,27.814017874447252,-1.0,16.940344516881353,23.557813792416493,14.662167097060957,8.058288403251007,-1.0,8.208311426124625,13.828004588163532,-1.0,-1.0,15.8994448165937,12.53334228420523,-1.0,1.2335305073406482,-1.0,11.662169889778024,10.864875909262757,12.41499001229544,-1.0,-1.0,-1.0,10.54680205699924,1.1836218685150641,23.215233919402095,30.053029177162344,7.829274784910035,24.17057079711024,1.4221050992180817,18.799692906483735,15.279846286375328,-1.0,-1.0,25.293767418684936,14.556632869273367,-1.0,6.291378916088128,29.834461212298176,20.792085210767144,18.507812309242933,11.424599806279359,21.481009915422586,7.860787215041572,-1.0,-1.0,28.502748632222474,3.5135401455320907,9.801778106376608,-1.0,1.8702374709666836
supplier35,25.460373536854355,3.6296012836687797,20.2490384885028,4.834656982986657,23.032965036560366,-1.0,25.887310047897746,18.255895086254966,16.430229812092342,2.911680155238108,28.07275006152155,3.352358458472195,19.115847479827693,0.582148772526538,9.961921371285735,-1.0,22.263123768795356,-1.0,17.63080243019958,22.293031516626726,-1.0,17.48391561379972,4.635310556091262,2.4504909040356053,27.719919806696534,13.596197047171948,5.503602000457692,-1.0,-1.0,-1.0,9.274348653575634,6.993550675073475,16.963416313948954,21.07583056007345,-1.0,1.696842548716306,16.34766517929764,11.704076140953674,1.0872376155431587,4.786594725981539,0.27283004175442105,8.831370388466546,-1.0,11.746355793656553,-1.0,-1.0,-1.0,22.51313441225273,3.794294794412508,24.192546728660986,24.253823586518006,-1.0,15.64965160130944,23.557813792416493,-1.0,7.8534166641853025,29.545358448783375,11.146022883895544,-1.0,26.863427184821887,-1.0,-1.0,11.94214689344083,5.971749906865561,1.6009651265485008,5.242898588980334,8.448186061886442,-1.0,-1.0,5.394046479189039,0.09178871940448086,-1.0,-1.0,1.1376559707086538,27.613909819920384,26.531189820463627,7.829274784910035,-1.0,1.4679794572573746,22.88658266876281,16.007458014297963,-1.0,20.769339456326783,-1.0,13.968486086676462,19.11158021191565,6.939974680633297,27.96980738652954,18.680389056548606,13.990157336120642,11.707854346930914,21.66943982696138,8.446164986374455,23.79036200756158,2.299232567348727,27.813166004023543,-1.0,-1.0,2.4739267165667584,2.010068309917463
supplier36,22.489996624221348,3.2839249709384197,23.787705408823676,3.606178569276933,22.217638840575933,-1.0,26.709129414497674,16.17408248869958,12.807816940134975,3.057264163000014,-1.0,3.4920400609085367,18.945170270186374,0.5127181849775013,7.567971274310093,4.139548503620005,26.901274553961052,-1.0,19.532163476593652,-1.0,22.94672219118997,17.341769958402974,4.711299253732103,-1.0,23.455316759512453,14.765762384563082,5.3946197826268465,4.4268688380609005,-1.0,4.066643251437908,9.459835626647147,8.70308528453588,15.048191891406331,17.278383612312467,8.33903661344926,1.8418718263843665,-1.0,15.353734292433852,1.2329498732963655,4.647179345613145,-1.0,8.911655573816242,1.3641825317754435,-1.0,3.775259724365886,8.190762878291862,8.316396042840234,19.197246398044964,4.624296780690244,26.069554664505375,22.2512142995578,12.817394735297405,18.553710661346244,22.328710464116504,16.439399472462288,7.102220287611058,27.3108355408922,11.059619605725812,14.499266946812247,-1.0,20.532593316984368,17.246855394271133,-1.0,-1.0,-1.0,6.935917925005234,8.540014171254773,11.259962305963219,12.620196458779663,5.793605477647486,0.09484834338463022,-1.0,8.637467201852827,1.103181547353846,27.125168053196134,30.287818467608925,8.021797935358641,22.81521168699191,1.055110234903738,21.864860228193038,13.097011102607423,13.002415040214995,22.336836773785404,21.906209282253915,-1.0,23.463722240371688,6.291378916088128,28.669052571192776,14.944311245238886,-1.0,12.274363428234023,22.04629965003897,-1.0,-1.0,2.5866366382673176,20.917339722034235,3.671807719655157,11.403991835303554,2.299978744308158,2.202335713474786
supplier37,22.702166403695138,4.1135481214912835,19.266075455080333,4.795028647060537,20.790817997603167,-1.0,23.832761631397922,-1.0,13.972163934692702,2.707862544371441,-1.0,-1.0,17.92110701233846,0.5394222571117462,-1.0,4.923884009569059,22.49503130805364,23.07262090419104,19.877865485028938,27.922584929916304,26.693125814241395,16.20460471522901,3.419491393837817,2.1862222771298048,-1.0,17.835871395214813,6.157495307442764,4.028051825622981,15.104717002391762,4.50094495790215,-1.0,10.101795419550575,17.10021805841628,23.734043423506137,-1.0,-1.0,17.44798879713498,15.857135416775947,1.0984462507549437,5.018953693262197,0.22917723507371368,9.393366685914415,1.1844065392158891,8.457376171432719,5.2772447759953245,8.402592952730444,8.46899046564464,19.895328085246593,5.059059725883344,-1.0,26.478945016473784,-1.0,15.165641757969972,24.17236545656649,17.920426451963394,-1.0,28.800517479486313,-1.0,15.841791664109676,26.62357515638598,-1.0,16.842632220967904,13.715733065734023,6.799517220688509,1.666578451407046,-1.0,11.38668556167303,-1.0,-1.0,6.093274726491321,0.09178871940448086,-1.0,11.546929838266411,1.2525707152246794,31.768214837076552,-1.0,6.096566430872568,22.137532131932744,1.295950614610026,23.908305109332574,18.917904925988502,15.377856249485042,-1.0,23.03539532773092,16.468109912713306,18.92235664546104,6.745395951269746,27.037480473645218,21.116961542185383,-1.0,8.875308940415369,18.466131330801876,10.202298300373105,26.145843394448868,1.8886553231793113,-1.0,3.197004997285956,-1.0,2.0680481146300247,2.167378003737091
supplier38,-1.0,3.9061423338530674,18.47970502834236,3.725063577055293,23.440628134552586,18.148962783960492,21.57275837324812,14.732827613468922,12.678445051850783,3.523132987838111,-1.0,3.0450589331122444,21.67600562444747,0.6622609889292725,9.4213519945493,5.228903372993691,-1.0,27.906884331735828,16.93939841332901,20.49157442437406,21.54182083254569,18.336789546180196,4.407344463168742,2.306344380268805,24.166083934043133,16.95869739217146,-1.0,3.708998215672646,18.284657423947923,4.8168007444216,9.459835626647147,-1.0,14.090579680135018,18.03787300186466,11.147975262190064,1.8128659708507544,16.976421532347548,15.6054348546049,-1.0,-1.0,0.2138987527354661,7.948233349619891,0.9729053714987659,-1.0,5.2772447759953245,7.343442580537532,8.163801620035825,18.499164710843328,4.821916301232562,23.7754338540289,-1.0,-1.0,-1.0,-1.0,17.17991296221284,-1.0,-1.0,10.454796658537681,16.378801551028648,27.822835298565522,22.96117962329435,-1.0,11.823907815287951,7.331653351003263,1.2204078423689393,6.553623236225418,-1.0,11.655048702663683,-1.0,4.944542605923286,-1.0,24.67969456775596,-1.0,1.4249428319987179,-1.0,25.35724336823073,7.059182183115606,24.396463982129962,1.2156704880412634,-1.0,17.46268147014323,15.127809806403985,24.688082749973344,22.809558118635522,-1.0,21.949933708734804,-1.0,27.73672565830846,19.655018050803317,16.75904264222785,10.102745283238773,19.031421065418257,-1.0,23.554813868872852,2.5045211894334347,-1.0,3.671807719655157,11.027000369673683,-1.0,2.0450260196551584
supplier39,20.792638388431058,3.145654445846276,-1.0,4.398745287799336,20.383154899610947,24.601927329368664,24.243671314697888,19.21673166974207,13.84279204640851,3.7560674002571597,21.23149164316756,3.2406131765231216,19.286524689469005,-1.0,8.57188583110633,-1.0,22.263123768795356,-1.0,21.08782251455244,27.922584929916304,27.62972672000425,-1.0,3.837429230862439,2.858906054708206,29.37837654726812,-1.0,6.974861941174105,5.06497605796157,-1.0,4.7773187711066685,9.459835626647147,7.77061186119275,-1.0,21.835319949625642,11.060195929416913,1.595322054348664,16.504854267560116,13.214279513979955,1.3114103197788614,5.5766152147357735,0.25100363841406736,10.196218539411376,0.9729053714987659,9.209142942226737,-1.0,6.637342332408923,7.553423928818193,22.33861399045232,-1.0,18.77007935844387,28.481554303433988,14.999078945560795,15.165641757969972,23.352963237699825,15.995091378611955,-1.0,24.828032309901996,8.38111798246409,17.184316381407108,-1.0,28.480693955817028,-1.0,-1.0,7.50903206110818,1.3253891621426115,5.843647385634331,-1.0,-1.0,13.13321257499022,5.14432210515251,0.09025890741440618,27.06106860499557,8.182863664913205,1.4134513575471153,29.324506003455276,26.296400530017053,8.27849546929012,20.33038665177497,1.2156704880412634,25.951749990472113,14.406712212868165,15.6279026925661,19.78965363291514,21.906209282253915,17.056256695310207,18.73313307900643,7.199412986451364,26.57131701720306,15.106749410948005,-1.0,9.819490742587218,16.958692038491517,-1.0,27.08803594920378,1.9912996342216651,-1.0,-1.0,11.780983300933423,1.9134276948446023,-1.0
